{"cameraMode":{"drawMode":0,"name":"Shaded","section":"Shading Mode"},"sceneLighting":false,"audioPlay":false,"sceneViewState":{"showFog":true,"showMaterialUpdate":false,"showSkybox":true,"showFlares":true,"showImageEffects":true,"showParticleSystems":true},"in2DMode":false,"pivot":{"x":1638.9273681640625,"y":-985.8392944335938,"z":2975.7958984375},"rotation":{"x":-0.20889560878276826,"y":-0.15850844979286195,"z":0.034330788999795917,"w":-0.964407205581665},"size":2170.849853515625,"orthographic":false}